Top queries,Clicks,Impressions,CTR,Position
scanner,45613,1095056,4.17%,5.34
qr code scanner,43801,1588905,2.76%,6.38
scan qr code,15936,354435,4.5%,6.08
scan,11710,556859,2.1%,6.07
scaner,10504,131699,7.98%,4.03
qr scanner,2344,127889,1.83%,7.42
scanner qr code,1631,50066,3.26%,5.83
scanner app,1341,106551,1.26%,6.7
scan qr,1294,38046,3.4%,6.16
scan barcode,1092,61451,1.78%,8.29
qr code scan,902,86174,1.05%,5.3
qr scan,521,29915,1.74%,7.37
qr code reader,483,57730,0.84%,8.51
scan code,459,18449,2.49%,5.18
qr scanner app,435,15652,2.78%,3.9
scane,419,12144,3.45%,5.11
scanner qr,378,26399,1.43%,7.43
scanapp,372,1162,32.01%,1.8
scanner online,356,29821,1.19%,8.15
qr code scanner app,301,43648,0.69%,3.98
barcode scanner,279,36770,0.76%,10.1
scan app,268,19270,1.39%,6.96
d.cscan.co,245,7202,3.4%,4.82
qrcode scanner,230,5385,4.27%,6.03
html5-qrcode,225,1859,12.1%,2.98
scan qr code camera,186,2503,7.43%,3.58
qr code scannen,177,38969,0.45%,10.33
qr and barcode scanner,174,2670,6.52%,3.66
qr code scanner - scanner qr,172,2441,7.05%,6.64
q r code scanner,169,12759,1.32%,7.12
scan qr online,166,11275,1.47%,7.91
skaner,165,9560,1.73%,6.96
qr barcode scanner,158,3947,4%,4.48
bar code scanner,155,17947,0.86%,8.95
qr code scaner,150,4356,3.44%,6.39
free qr code scanner,149,9973,1.49%,6.87
code scanner,148,12031,1.23%,7.57
scenar,145,2175,6.67%,8.24
app scanner,144,3907,3.69%,5.7
scanner code qr,142,6982,2.03%,6.37
qr scanner online,137,11414,1.2%,8.21
qr reader,136,20332,0.67%,8.78
d.cscan.go,118,5910,2%,5.29
qr code scanner camera,108,1332,8.11%,3.38
web scanner,103,9225,1.12%,8.53
qr code scanner online,101,14761,0.68%,8.92
online scanner,100,7005,1.43%,9.07
scan qr code online,99,8876,1.12%,8.5
d.csan.co,99,1622,6.1%,4.38
d.csan.co qr,99,757,13.08%,2.38
scanner camera,98,4322,2.27%,5.61
qr code scanner for pc,95,7162,1.33%,6.96
сканер,94,8209,1.15%,7.74
qr code scanner free,94,3793,2.48%,6.93
qr code app,92,7550,1.22%,5.7
scaner. com,86,635,13.54%,4.71
camera scanner,84,6886,1.22%,8.02
qr & barcode scanner,84,3063,2.74%,4.83
স্ক্যানার,82,4798,1.71%,5.34
scanner scanner,82,3757,2.18%,5.28
scan qr online free,81,4223,1.92%,8.63
photoism qr code,79,273,28.94%,2.77
scaning,78,3358,2.32%,4.17
scanner code,71,2974,2.39%,6.14
sprite scanner,70,826,8.47%,4.37
scannee,66,1562,4.23%,4.58
d.scan.co,66,1217,5.42%,4.69
qrcode reader,65,6996,0.93%,8.34
sccaner,65,907,7.17%,4.73
code qr scanner,64,2603,2.46%,6.58
d.scan.co qr code,64,462,13.85%,2.52
d.csan.con,63,496,12.7%,2.63
scanne,62,5310,1.17%,5.67
camera scan qr code,61,1552,3.93%,4.13
qr code camera,61,916,6.66%,3.24
سكنار,61,833,7.32%,2.33
d.scan.c0,61,778,7.84%,4.14
scanapp.org,59,87,67.82%,1
barcode scanner app,58,5897,0.98%,7.09
scanner app free,58,5208,1.11%,7.61
d.scan.co qr,58,477,12.16%,2.27
qrcodescan.in,56,747,7.5%,3.59
qr camera,56,633,8.85%,3.14
qr code scanner online mobile,55,3326,1.65%,8.46
html5 qrcode,55,316,17.41%,5.2
scnner,54,1298,4.16%,5.43
google qr scanner online,53,4105,1.29%,8.42
scaneer,53,1517,3.49%,5.51
d.cscan,53,1425,3.72%,4.92
scannner,52,970,5.36%,5.21
scann,51,3990,1.28%,6.93
scner,51,1648,3.09%,5.26
camera scan,50,3160,1.58%,7.58
free scanner,49,2826,1.73%,8.91
qr scaner,49,2815,1.74%,7.64
qrcode scan,49,2078,2.36%,5.79
scan code qr,49,1831,2.68%,6.5
qr code scanner download,49,1627,3.01%,6.35
scan qr code on laptop,48,3406,1.41%,8.01
sacner,48,901,5.33%,4.64
html5qrcodescanner,48,171,28.07%,2.05
scanning,47,22070,0.21%,9.97
scan camera,47,3305,1.42%,7.17
qr scanner for pc,47,2717,1.73%,6.41
photoism scan,46,104,44.23%,1.24
qr code scanner from image,45,13425,0.34%,8.75
scan the qr code,45,3699,1.22%,7.76
qr app,44,2494,1.76%,4.79
qr. code scanner,44,1247,3.53%,6.23
sacaner,44,740,5.95%,4.72
scan me,43,9743,0.44%,7.63
scanner free,43,1582,2.72%,7.97
scan barcode qr,42,645,6.51%,4.74
html5qrcode,42,334,12.57%,2.65
barcode scanners scanner,41,5095,0.8%,8.12
qr code scanner mac,41,264,15.53%,3.86
الماسح,40,6283,0.64%,6.68
scan online,40,3714,1.08%,8.27
scan here,40,3608,1.11%,5.96
sacnner,40,765,5.23%,5.63
scanner online free,39,2518,1.55%,8.07
qr code & barcode scanner,39,409,9.54%,3.36
free scanner app,38,3472,1.09%,8.8
online qr code scanner,38,3431,1.11%,8.91
scan qr code from image,38,3398,1.12%,7.26
scanning qr code,38,3057,1.24%,8.05
scanner barcode,38,2599,1.46%,9.57
qr code scanner pc,37,7661,0.48%,6.49
d.scan.go,37,1148,3.22%,4.68
স্কিনার,37,491,7.54%,2.21
ماسح,36,3784,0.95%,5.94
scanner.,36,811,4.44%,3.68
scannar,36,730,4.93%,5.03
app qr code scanner,35,723,4.84%,4.61
or scanner,34,1438,2.36%,6.14
d.cscan.con qr code,34,153,22.22%,2.37
scan qr code online without app,33,1246,2.65%,6.26
scan qrcode,33,1173,2.81%,6.25
code scan,32,1448,2.21%,5.3
d.cscan.co barcode,32,175,18.29%,2.41
d.cscan.co pc qr code,32,148,21.62%,2.57
qr reader app,31,3554,0.87%,4.24
scanning app,30,4142,0.72%,7.92
how to scan qr code on laptop,30,2897,1.04%,8.23
scan qr code app,29,717,4.04%,3.18
photoism scanner,29,62,46.77%,1.13
qr code scanning,28,2656,1.05%,6.77
code qr scan,28,1574,1.78%,6.71
scan kod qr,28,562,4.98%,3.61
qrcodescan,28,556,5.04%,4.03
snapchat qr code scanner,28,123,22.76%,4.68
open scanner,27,3011,0.9%,6.44
barcode scanner online,27,2651,1.02%,10.65
qr codes scanner,27,1568,1.72%,6.41
skinar,27,523,5.16%,4.89
download qr code scanner,26,2015,1.29%,6.96
camera qr code scanner,26,527,4.93%,3.63
scan to apply,26,450,5.78%,2.5
snapchat scanner,26,270,9.63%,5.31
scan qr codes,25,4724,0.53%,7.75
free qr scanner,25,1522,1.64%,7.51
scan qr code online from image,24,1574,1.52%,8.14
d.cscan.co qr code camscanner,24,677,3.55%,3.73
qrcodescanner,24,646,3.72%,5.57
qr.code scanner,24,534,4.49%,6.49
qr scanner camera,24,274,8.76%,3.06
phone scanner,23,1867,1.23%,7.17
qr code barcode scanner,23,495,4.65%,3.55
qr code scanner for mac,23,128,17.97%,3.73
स्कैनर,22,5473,0.4%,9.09
scan scanner,22,3124,0.7%,7.76
web scanner app,22,974,2.26%,7.21
qr code 扫描,22,228,9.65%,4.17
app qr code,21,3013,0.7%,7.63
qr code scanner gratis,21,2298,0.91%,6.96
qr code reader app,21,1683,1.25%,4.56
download qr code scanner for pc,21,591,3.55%,5.06
scan qr barcode,21,429,4.9%,7.17
qr code and barcode scanner,21,391,5.37%,3.13
scan scan,20,1897,1.05%,3.77
scan to download app,20,1106,1.81%,3.77
qr code scanner for laptop,20,1016,1.97%,7.17
scaner app,20,587,3.41%,7.02
camscanner qr code,20,328,6.1%,7.38
scan barcode online,19,2331,0.82%,10.2
scanqr,19,2077,0.91%,7.55
qr code download,19,1198,1.59%,8.54
qr code scanners,19,590,3.22%,4.56
scanner app online,19,520,3.65%,5.97
qr code scanner for macbook,19,168,11.31%,4.32
sprite qr code scanner,19,163,11.66%,4.48
scan a qr code,18,3423,0.53%,8.36
qr scanner for laptop,18,863,2.09%,6.99
qr scan barcode,18,526,3.42%,6.96
scaaner,18,399,4.51%,5.25
skanr,18,321,5.61%,4.09
qr code scanner.com,18,258,6.98%,4.5
sacanar,18,159,11.32%,2.81
d.csan.co qr code,18,84,21.43%,2.23
qr code scanner online free,17,96340,0.02%,5.19
code scanner app,17,1673,1.02%,4.57
barcode app,17,1364,1.25%,6.7
scan qr code on macbook,17,908,1.87%,8.16
free qr scanner app for android,17,848,2%,5.53
download qr scanner,17,764,2.23%,7.28
qr scan app,17,712,2.39%,3.82
we code scanner,17,442,3.85%,5.54
qrcode scanner app,17,401,4.24%,3.39
camera qr,17,329,5.17%,4.24
qr-code scannen,16,3293,0.49%,10.27
how to scan qr code in laptop,16,2058,0.78%,7.98
qrscan,16,1447,1.11%,7.62
qr code reader for pc,16,848,1.89%,7.33
qr photo scanner,16,713,2.24%,7.38
qr code online,16,584,2.74%,13.03
qr code scann,16,493,3.25%,6.11
d.cscan.con,16,265,6.04%,4.65
qr code scanner macbook,16,159,10.06%,4.87
scanner.com,16,155,10.32%,6.86
html5 qr code scanner,16,152,10.53%,6.53
scneer,16,142,11.27%,3.49
barcode scan,15,2433,0.62%,9.54
bar code scanner app,15,2314,0.65%,8.88
qr code scanner app download,15,720,2.08%,6.55
scan qr code free,15,636,2.36%,6.83
scan qr code on mac,15,452,3.32%,7.22
scan.qr code,15,352,4.26%,6.19
qr bar code scanner,15,288,5.21%,4.08
qr & barcode reader,15,264,5.68%,4.95
scan qr online camera,15,243,6.17%,5.02
d.cscan.go qr code,15,143,10.49%,2.43
scan app.org,15,21,71.43%,1
free qr code reader,14,1307,1.07%,5.28
сканер qr,14,918,1.53%,8.91
qr scanner app free,14,859,1.63%,4.61
qr scanning,14,726,1.93%,6.13
qr scanner download,14,641,2.18%,6.3
codescanner,14,481,2.91%,6.57
qr code scan app,14,396,3.54%,3.62
d.cscan.co web,14,342,4.09%,3.56
mac qr code scanner,14,201,6.97%,3.86
scan qr app,14,167,8.38%,2.64
scan to apply online,14,60,23.33%,2.05
read qr code,13,2809,0.46%,8.76
qr scanner android,13,2009,0.65%,6.69
skener,13,1546,0.84%,7.51
qr code reader from image,13,1387,0.94%,9.25
qr scanner online free,13,1303,1%,8.19
qr image scanner,13,929,1.4%,6.93
qr scan code,13,852,1.53%,7.44
scan qr code from picture,13,788,1.65%,7.93
qr scanner code,13,500,2.6%,6.92
sacanner,13,471,2.76%,5.48
barcode and qr code scanner,13,439,2.96%,4.47
camera scan barcode,13,360,3.61%,5.33
qr scanner app download,13,357,3.64%,6.35
d.cscan.co codigo qr,13,333,3.9%,4.56
qr barcode reader,13,297,4.38%,4.99
qr code scan.in,13,274,4.74%,3.43
nike qr scanner online,13,258,5.04%,7.43
qr code scanned,13,250,5.2%,4.77
scanwr,13,221,5.88%,6.37
qr code + barcode scanner,13,153,8.5%,2.87
bill qr code scanner online,13,55,23.64%,1.02
scannapp,13,36,36.11%,4.69
qr-code scanner,12,1810,0.66%,8.83
code reader,12,1287,0.93%,10.12
how to scan qr code on computer,12,1000,1.2%,8.98
pc qr code scanner,12,759,1.58%,6.63
scanner qr code online,12,632,1.9%,7.82
app qr,12,547,2.19%,6.97
scannr,12,420,2.86%,5.69
scan free,12,363,3.31%,8.52
acanner,12,359,3.34%,5.87
qrcode scaner,12,333,3.6%,6.27
scan qr code macbook,12,318,3.77%,6.89
input d.cscan.co,12,313,3.83%,3.85
wr code scanner,12,292,4.11%,6.51
qr code acanner,12,274,4.38%,6.62
secaner,12,225,5.33%,4.22
sprite scan,12,196,6.12%,5.91
camera qr scanner,12,153,7.84%,3.35
qr scanner barcode reader,12,132,9.09%,3.64
qr code camera scanner,12,129,9.3%,3.09
scaner .com,12,59,20.34%,5.14
open qr code,11,1602,0.69%,8.37
download qr code,11,1418,0.78%,9
scan code app,11,1352,0.81%,4.26
scan this qr code,11,1313,0.84%,7.87
skaner qr,11,1145,0.96%,7.99
qr sc,11,1093,1.01%,4.96
online qr scanner,11,1089,1.01%,9.03
scaner qr,11,992,1.11%,7.95
qr code scanner android,11,980,1.12%,7.47
app scan,11,910,1.21%,7.13
الماسح الضوئي qr,11,778,1.41%,6.44
a scanner,11,631,1.74%,7.03
free scan,11,598,1.84%,9.39
scan barcode online free,11,595,1.85%,9.28
scanare cod qr,11,590,1.86%,7.23
scan.,11,584,1.88%,6.06
qr code reader free,11,551,2%,5.88
qr & barcode scanner download,11,512,2.15%,7.38
camera qr code,11,505,2.18%,6.54
qr scann,11,430,2.56%,7.37
cscanner,11,402,2.74%,4.61
qe code scanner,11,295,3.73%,6.94
qr code scnner,11,236,4.66%,6.54
d.cscan.oc,11,217,5.07%,4.35
qr camera scanner,11,202,5.45%,2.65
app scanner online,11,199,5.53%,4.49
scaner.,11,109,10.09%,4.38
scanner app qr code,11,91,12.09%,3.78
d.csscan.co qr code,11,78,14.1%,2.42
how to scan qr code from photo,10,2503,0.4%,8.7
image scanner,10,2420,0.41%,9.23
scanner apps,10,1002,1%,7.51
scan qr code on pc,10,915,1.09%,7.61
qr code to text,10,896,1.12%,9.3
qr code image scanner,10,845,1.18%,7.34
scan reader,10,798,1.25%,7.81
scan this,10,785,1.27%,6.19
free scan qr code,10,737,1.36%,7.31
qr scanner free,10,606,1.65%,7.52
qr code scanne,10,585,1.71%,6.52
qr kod okuyucu,10,584,1.71%,9.45
gratis qr code scanner,10,556,1.8%,5.57
dscan.co,10,491,2.04%,4.38
scan or code,10,470,2.13%,6.83
qr code sc,10,416,2.4%,4.94
scanner open,10,410,2.44%,5.24
qr code scane,10,362,2.76%,6.72
snanner,10,332,3.01%,5.5
qr codescanner,10,304,3.29%,6.2
qr code.scanner,10,214,4.67%,6.16
qr & barcode scanner android,10,201,4.98%,6.88
d.cscan.com,10,177,5.65%,3.45
qr code scannet,10,174,5.75%,6.2
scan qr code online camera,10,153,6.54%,5.36
qr scanner macbook,10,121,8.26%,4.85
qr scanner mac,10,110,9.09%,4.91
qr bar scanner,10,92,10.87%,3.54
qr code reader for mac,10,86,11.63%,4.45
d.cscan.con qr,10,82,12.2%,2.2
snap qr code scanner,10,29,34.48%,3.07
qr code opener,9,1860,0.48%,7.83
gratis qr scanner,9,764,1.18%,5.45
camera scanner online,9,619,1.45%,7.84
qr code apps,9,541,1.66%,4.97
qr code scanner free download,9,508,1.77%,6.6
download free qr scanner,9,502,1.79%,5.3
web qr code scanner,9,477,1.89%,8.54
scan device,9,458,1.97%,4.65
google qr code scanner camera,9,432,2.08%,9.32
qr code scanning app,9,420,2.14%,3.49
স্ক্যানার অ্যাপ,9,408,2.21%,5.77
scanmer,9,375,2.4%,5.1
qr scanners,9,364,2.47%,5.37
scanner scanner scanner,9,361,2.49%,4.88
www.scanner,9,320,2.81%,5.89
qr code сканер,9,320,2.81%,8.3
qr apps,9,284,3.17%,3.87
or scan,9,284,3.17%,5.56
scanerr,9,249,3.61%,5.97
scan ap,9,237,3.8%,5.54
scan or,9,214,4.21%,3.79
sccanner,9,206,4.37%,5.29
qr cod scanner,9,195,4.62%,6.7
phone qr code scanner,9,180,5%,4.88
qr kod scanner,9,174,5.17%,6.86
qr scanner online camera,9,165,5.45%,5.88
scan er,9,153,5.88%,3.07
scan qr code download,9,114,7.89%,5.54
sçanner,9,112,8.04%,2.62
snapcode scanner,9,75,12%,3.68
html5 qr code,9,65,13.85%,2.77
photoism scan qr code,9,18,50%,2.06
qr to text,8,2015,0.4%,8.76
qr code scanner kostenlos,8,1107,0.72%,5.86
سكانير,8,1060,0.75%,8.48
scan apps,8,853,0.94%,7.23
skener qr,8,809,0.99%,8.26
scan code online,8,715,1.12%,8.53
qr code app download,8,648,1.23%,6.76
scan qr code pc,8,624,1.28%,7.2
how to scan a qr code on a laptop,8,583,1.37%,7.89
online scanner qr code,8,579,1.38%,8.28
scanner scan,8,551,1.45%,6.15
qr download,8,468,1.71%,7.75
scanner online qr code,8,468,1.71%,8.31
online scan,8,464,1.72%,11.24
qr code scanner laptop,8,392,2.04%,7.01
qr code reader pc,8,378,2.12%,7.61
scannwr,8,367,2.18%,5.75
how to scan qr code on macbook,8,344,2.33%,8.29
q are code scan,8,341,2.35%,6.22
free online qr code scanner,8,258,3.1%,8.57
qr code scanner online from image,8,254,3.15%,7.85
we scanner,8,242,3.31%,6.57
scsnner,8,224,3.57%,5.54
scan qr code mac,8,222,3.6%,7.27
qr code scanner windows,8,182,4.4%,5.9
scan code barcode,8,154,5.19%,5.4
wechat qr code scanner online free,8,121,6.61%,6.9
d scan co,8,114,7.02%,5.11
camera to scan qr code,8,112,7.14%,3.57
www.scan,8,97,8.25%,4.19
scan kod,8,89,8.99%,4.36
sckenar,8,82,9.76%,2.12
qr reader mac,8,80,10%,4.74
photoism qr,8,79,10.13%,3.62
qr code reader camera,8,77,10.39%,3.03
scenar online,8,77,10.39%,5.44
sprite scanner app,8,71,11.27%,3.86
html5 barcode scanner,8,69,11.59%,5.43
qr code scanner on mac,8,65,12.31%,3.82
scanner offline,8,64,12.5%,4.98
d cscan co pc qr code,8,46,17.39%,2.5
photoism qr code scanner,8,27,29.63%,2.15
qr code sca,7,3532,0.2%,5.08
qr reader online,7,1756,0.4%,9.41
qrscanner,7,1474,0.47%,8.41
qr s,7,1189,0.59%,5.93
scen,7,925,0.76%,8.07
qrcode scanner online,7,810,0.86%,8.89
scan a code,7,724,0.97%,6.58
scan the code,7,691,1.01%,5.43
scan bar code,7,690,1.01%,8.87
scanner web,7,686,1.02%,8.23
سكان,7,685,1.02%,8.02
free qr code scanner app,7,677,1.03%,4.92
image qr code scanner,7,644,1.09%,7.45
or code scanner,7,596,1.17%,6.95
free qr reader,7,531,1.32%,4.79
scan qr code scanner,7,530,1.32%,5.35
best free qr code scanner,7,482,1.45%,8.61
qr escaner,7,465,1.51%,7.85
स्कैन क्यूआर कोड,7,431,1.62%,1.19
free qr code scanner for android,7,408,1.72%,4.96
scan qr code online free,7,405,1.73%,8.76
scan q r code,7,396,1.77%,7.23
qr codes scan,7,387,1.81%,7.4
qr code scanner web,7,371,1.89%,8.18
free qr code scanner online,7,354,1.98%,8.13
saknar,7,352,1.99%,6.37
scan qr code with macbook,7,326,2.15%,8.48
scan to play,7,272,2.57%,4.67
qr app scanner,7,248,2.82%,3.33
scanner free online,7,247,2.83%,8.25
q.r code scanner,7,232,3.02%,5.87
ماسح qr,7,232,3.02%,6.83
qr cide scanner,7,226,3.1%,6.46
mac scan qr code,7,214,3.27%,7.2
sakanar,7,210,3.33%,2.39
scenar code,7,191,3.66%,4.91
wechat qr code scanner online,7,174,4.02%,9.04
app scan qr code,7,173,4.05%,4.61
scan barcode online using camera,7,146,4.79%,5.86
barcode scanner qr code,7,144,4.86%,4.35
scanner barcode app,7,124,5.65%,4.48
scanner qr app,7,120,5.83%,4.17
qt code scanner,7,108,6.48%,6.41
qr code snanner,7,99,7.07%,6.08
sqan qr,7,98,7.14%,6.54
qr code scanner download android,7,98,7.14%,7.44
qr code scanner for windows,7,95,7.37%,5.28
nike qr code scanner online,7,79,8.86%,5.18
skinner apps,7,74,9.46%,2.23
scan qr camera,7,65,10.77%,2.97
scan app online,7,65,10.77%,4.66
scan qr mac,7,62,11.29%,5.68
scan qe code,7,60,11.67%,6.92
saknar qr code scanner,7,53,13.21%,1.87
charger scanner,7,39,17.95%,4.72
d.scan.go qr code,7,37,18.92%,2.54
scan and apply!,7,30,23.33%,1.63
d.scan.com qr code,7,26,26.92%,2.46
web qr,6,1327,0.45%,8.17
qr code scanner online free google,6,1242,0.48%,7.38
open qr,6,836,0.72%,7.23
qr scanner pc,6,774,0.78%,7.32
qr scanner from image,6,613,0.98%,7.93
स्कैनर कैमरा,6,608,0.99%,9.56
bar code scanner app free,6,572,1.05%,8.34
bar scanner,6,551,1.09%,9.78
free qr scanner app,6,540,1.11%,5.61
qr online scanner,6,530,1.13%,8.35
download qr,6,525,1.14%,8.06
best qr code scanner,6,522,1.15%,8.4
scan bar,6,519,1.16%,6.47
qr skener,6,508,1.18%,7.58
scqn,6,501,1.2%,5.04
how to scan a qr code on laptop,6,481,1.25%,8.72
scan qr code on computer,6,469,1.28%,8.19
qr code scan online,6,454,1.32%,9.1
online qr code reader,6,421,1.43%,9.44
bar code scan,6,403,1.49%,10.46
scancode,6,392,1.53%,9.46
free scanner app for android,6,368,1.63%,10.83
freescan qr code scanner,6,361,1.66%,8.72
qr online,6,356,1.69%,11.82
qr scanner from gallery,6,320,1.88%,4.46
laptop qr code scanner,6,313,1.92%,7.27
qr कोड स्कैनर ऑनलाइन,6,303,1.98%,1.68
qr link scanner,6,290,2.07%,7.53
qr skaner,6,270,2.22%,7.4
qr code scanner app for android,6,255,2.35%,5.11
scan qe,6,254,2.36%,6.69
device scanner,6,247,2.43%,8.22
qrscanner app,6,237,2.53%,4.01
qr reader free,6,228,2.63%,5.62
qr code sanner,6,225,2.67%,6.4
scan barcode app,6,223,2.69%,4.45
qr code scannee,6,221,2.71%,6.17
scanner qrcode,6,200,3%,7.45
the scanner,6,199,3.02%,6.99
scaner code,6,195,3.08%,5.89
scan wr,6,191,3.14%,6.28
how to scan a qr code on macbook,6,173,3.47%,7.3
www.qr scanner.com,6,171,3.51%,5.5
scanneer,6,169,3.55%,5.79
camera app to scan qr code,6,168,3.57%,3.68
scan wr code,6,159,3.77%,6.59
сканер qr code,6,151,3.97%,8.76
dcanner,6,132,4.55%,5.99
qr code for pc,6,130,4.62%,6.59
qr scanner.com,6,129,4.65%,5.12
scane qr,6,128,4.69%,7.12
sccner,6,125,4.8%,5.7
scan qr pc,6,115,5.22%,5.67
qr code scnaner,6,95,6.32%,5.97
scnaer,6,89,6.74%,5.55
mac qr scanner,6,86,6.98%,4.8
screen scanner,6,81,7.41%,9.35
scan and download app,6,79,7.59%,3.52
qr scan camera,6,77,7.79%,2.9
qr codescan.in,6,66,9.09%,3.89
الشيفره,6,64,9.38%,4.48
qr scanner for mac,6,58,10.34%,3.59
qr code app scanner,6,55,10.91%,2.87
qr code scanenr,6,52,11.54%,5.71
camera for qr code,6,50,12%,3.94
qrcode camera,6,49,12.24%,4.02
nike qr scanner online free,6,42,14.29%,3.1
sprite barcode scanner,6,38,15.79%,4.87
snapchat qr scanner,6,34,17.65%,4.24
qr code camscanner,6,34,17.65%,5.65
html5 qrcode scanner,6,29,20.69%,3.62
camera app scan,6,27,22.22%,4.15
scan app qr,6,26,23.08%,1.92
scanner sprite,6,22,27.27%,3.27
scan photoism,6,21,28.57%,1.9
scan the qr code.,5,1880,0.27%,8.52
how to scan a qr code on computer,5,1490,0.34%,9.1
স্ক্যান,5,1215,0.41%,8.68
android qr code scanner,5,1170,0.43%,7.47
qr scan online,5,1008,0.5%,8.77
barcode reader app,5,921,0.54%,7.72
qr code reader android,5,836,0.6%,6.62
સ્કેનર,5,677,0.74%,6.8
qr code,5,610,0.82%,17.34
qr code scanner on my phone,5,531,0.94%,5.67
online scan qr code,5,469,1.07%,8.6
qr kod skaner,5,447,1.12%,6.71
scanning code,5,440,1.14%,5.62
scan this code,5,437,1.14%,6.59
scan a qr code to view the results here.,5,433,1.15%,7.18
qrcode app,5,397,1.26%,7.37
open qr code scanner,5,373,1.34%,8.39
open the scanner,5,344,1.45%,3.64
to scan qr code,5,334,1.5%,7.06
qr code scanner website,5,334,1.5%,8.21
online scanner free,5,334,1.5%,9.18
qr-scanner,5,325,1.54%,8.45
web qr scanner,5,312,1.6%,8.98
scan this qr,5,311,1.61%,6.13
scan qr code online image,5,292,1.71%,7.91
scan online free,5,280,1.79%,10.57
scan qr code or go to,5,274,1.82%,6.15
q r scanner,5,260,1.92%,8.15
scanqr code,5,248,2.02%,6.42
what scanner,5,241,2.07%,6.58
qr scanning app,5,235,2.13%,3.62
qr code scanner.,5,232,2.16%,6.11
qr code open,5,221,2.26%,7.54
scan qr cod,5,216,2.31%,6.16
تنزيل الماسح,5,214,2.34%,7.36
scanr,5,212,2.36%,8.65
svanner,5,209,2.39%,6.23
s scanner,5,200,2.5%,4.64
d.scan.co camscanner qr code,5,183,2.73%,5.04
laptop scanner,5,182,2.75%,9.76
scanare cod qr online,5,176,2.84%,7.89
scane qr code,5,151,3.31%,7.31
d cscan co,5,150,3.33%,5.19
sacanear,5,150,3.33%,9.58
scan qr code app download,5,130,3.85%,5.9
qr code scanner for pc windows 10,5,126,3.97%,6.48
scannerr,5,125,4%,4.55
qr code reader mac,5,125,4%,4.74
q r code scan,5,122,4.1%,7.38
sxanner,5,118,4.24%,5.04
gr scan,5,108,4.63%,5.73
qr code scannr,5,108,4.63%,6.33
qr code canner,5,106,4.72%,5.72
qr scanner windows,5,101,4.95%,6.48
شيفرا,5,98,5.1%,3.98
bar qr code scanner,5,98,5.1%,4.06
scanrr,5,98,5.1%,6.26
qr cod scan,5,93,5.38%,6.09
qrsca,5,92,5.43%,3.18
scnnar,5,90,5.56%,4.61
qr code scanner computer,5,90,5.56%,7.83
qr code scanner offline,5,79,6.33%,4.61
qr code dcanner,5,78,6.41%,6.24
sprite qr code scan,5,71,7.04%,4.2
qr code scanmer,5,71,7.04%,5.61
qr code sxanner,5,71,7.04%,6.45
scan sprite qr code,5,70,7.14%,6.66
d.cscan.con escanear,5,67,7.46%,4.54
qr code scanner\,5,51,9.8%,6.27
qr scanner for macbook,5,49,10.2%,4.29
macbook qr scanner,5,49,10.2%,5.18
qr code acan,5,44,11.36%,6.09
qr camera app,5,41,12.2%,3.1
qr code scanner and barcode scanner,5,37,13.51%,3.24
scanner .com,5,36,13.89%,6.31
scàn,5,35,14.29%,3
scan camera qr code,5,35,14.29%,3.03
free qr code scanner for mac,5,26,19.23%,3.31
d.csan.go qr code,5,25,20%,2
cq scanner,5,11,45.45%,1.18
alada qr code scanner online,5,9,55.56%,2.11
how to scan qr code,4,5923,0.07%,10.76
read qr code from image,4,1095,0.37%,8.96
barcode reader,4,995,0.4%,26.46
how to scan qr code from gallery,4,991,0.4%,9.15
how to scan a qr code from a picture,4,900,0.44%,10.02
how to scan qr code on pc,4,848,0.47%,8.55
scanning a qr code,4,720,0.56%,8.59
qr kod skener,4,703,0.57%,7.31
scanner for qr code,4,666,0.6%,5.59
scanqr.org,4,631,0.63%,3.93
scan qr from image,4,604,0.66%,10.06
qr reader for pc,4,602,0.66%,7.83
how to open qr code on computer,4,601,0.67%,9.37
scan a qr code to view the results here,4,591,0.68%,7.42
online scanner qr,4,579,0.69%,8.97
open qr code on computer,4,473,0.85%,7.61
download scan qr code,4,463,0.86%,5.24
d.cscan.c,4,451,0.89%,4.98
scanner un qr code,4,447,0.89%,10.46
qr scanner gratis,4,445,0.9%,6.24
qr,4,420,0.95%,22.96
barcode scanning app,4,418,0.96%,6.48
qr code scanner device,4,412,0.97%,7.27
scan qr code from photo,4,382,1.05%,3.95
scan here qr code,4,370,1.08%,4.04
scanner app download,4,354,1.13%,8.52
free barcode scanner,4,352,1.14%,17.35
scan the qr,4,335,1.19%,7.13
qr scan from image,4,333,1.2%,8.25
qr app download,4,329,1.22%,6.31
qr barcode scanner app,4,315,1.27%,6.64
scanner de qr code,4,313,1.28%,7.27
ar code scanner,4,303,1.32%,6.17
scan cod,4,298,1.34%,4.64
scan qr code laptop,4,288,1.39%,7.17
qr scane,4,288,1.39%,7.92
google barcode scanner online,4,283,1.41%,9.67
app scaner,4,281,1.42%,6.95
how to read qr code on computer,4,281,1.42%,9.17
scan to download,4,278,1.44%,7.29
scan any qr code,4,275,1.45%,9.13
qr code scanner app free,4,269,1.49%,4.62
تنزيل الماسح الضوئي,4,258,1.55%,7.4
download free qr code scanner,4,257,1.56%,5.65
scaneur,4,256,1.56%,6.77
qr reader pc,4,239,1.67%,6.91
scanner qr code app,4,235,1.7%,3.95
qr app free,4,235,1.7%,4.67
scaner qr code,4,227,1.76%,6.27
my qr code scanner,4,224,1.79%,7.1
online qr,4,218,1.83%,9.43
scan page,4,215,1.86%,16.4
barcode scan app,4,214,1.87%,4.93
q are scanner,4,210,1.9%,4.03
qr scanner laptop,4,204,1.96%,7.02
qr code scannner,4,201,1.99%,6
scan camera online,4,197,2.03%,7.18
camera barcode scanner,4,189,2.12%,6.62
qr scanne,4,185,2.16%,7.23
qr code scanner free online,4,182,2.2%,7.76
read qr code on pc,4,180,2.22%,7.89
scanner camera online,4,175,2.29%,7.56
apps scanner,4,169,2.37%,6.06
qr open,4,168,2.38%,6.82
qr code scanner reader,4,165,2.42%,7.41
windows qr code scanner,4,164,2.44%,6.79
scan qr from image online,4,164,2.44%,7.23
qr scanner app free download for android,4,164,2.44%,8.72
pc qr scanner,4,159,2.52%,6.23
app scanner free,4,159,2.52%,7.54
any qr code scanner,4,159,2.52%,7.72
barcode scanner download,4,159,2.52%,8.33
free code scanner app,4,156,2.56%,5.1
qrcode scanner pc,4,154,2.6%,5.38
qr scanner reader,4,151,2.65%,7.15
qr code scanner for free,4,146,2.74%,6.54
q scan,4,139,2.88%,7.04
gr code scanner,4,132,3.03%,6.35
scan qr cide,4,130,3.08%,6.71
download qr code scanner for android,4,130,3.08%,7.52
qr code free scanner,4,129,3.1%,6.82
scannrr,4,123,3.25%,4.67
qr code sacnner,4,120,3.33%,6.53
saccner,4,119,3.36%,5.42
scannerapp,4,119,3.36%,6.63
qr कोड स्कैनर ऑनलाइन फ्री,4,117,3.42%,3.91
scan and download,4,116,3.45%,6.3
qpr scanner,4,112,3.57%,3.24
scan qr code in laptop,4,110,3.64%,6.22
scan r,4,97,4.12%,6.49
code scan app,4,95,4.21%,3.73
scan+qr+code,4,94,4.26%,6.34
scannwe,4,93,4.3%,5.54
scaner.com,4,92,4.35%,5.86
skan qr,4,91,4.4%,6.66
cr scanner,4,91,4.4%,13.35
scan w,4,89,4.49%,3.38
qr code scaneer,4,89,4.49%,6.56
qr code scan free,4,86,4.65%,6.45
scan app qr code,4,83,4.82%,2.48
pr code scanner,4,81,4.94%,7.57
scener qr,4,78,5.13%,6.09
qr scaning,4,75,5.33%,6.73
barcode scanner.com,4,75,5.33%,7.4
scannef,4,74,5.41%,5.22
free scaner,4,73,5.48%,8.21
sckner,4,72,5.56%,4.71
d.cscan.co qr,4,69,5.8%,2.62
qr code scanner download for pc,4,68,5.88%,5.46
scen qr,4,68,5.88%,6.68
web scener,4,66,6.06%,7.12
qr code.reader,4,65,6.15%,8.34
qr code scanner .com,4,64,6.25%,4.56
qr kód scanner,4,64,6.25%,7.19
scan qr macbook,4,63,6.35%,4.9
qr coad scanner,4,63,6.35%,7.1
scan nike qr code online,4,62,6.45%,5.19
scan snapchat qr code,4,60,6.67%,6.43
scan open,4,58,6.9%,4.29
scan qr code with macbook camera,4,58,6.9%,5.6
scanner bar,4,57,7.02%,9.39
d.cscan.go qr,4,55,7.27%,3.11
qrcodescaner,4,53,7.55%,4.75
qr xode scanner,4,51,7.84%,6.51
qr code reader for windows,4,51,7.84%,7.29
qr reader for macbook,4,50,8%,3.3
camera scanner qr code,4,47,8.51%,3.02
d.csan.com,4,46,8.7%,4.07
scan qr.code,4,46,8.7%,6.74
d.cscan.co qr code,4,45,8.89%,2.69
scanner app qr,4,44,9.09%,2.36
at code scanner,4,44,9.09%,3.77
rq code scanner,4,44,9.09%,5.23
scan ner,4,43,9.3%,4.67
download qr barcode scanner,4,43,9.3%,5.14
qr code scan macbook,4,43,9.3%,6.88
scaner barcode,4,43,9.3%,8.12
qr code scanner mobile,4,42,9.52%,3.83
scn qr code,4,38,10.53%,7.47
scanner to download app,4,36,11.11%,3.78
scan.com qr code,4,31,12.9%,3.65
camera for scanning qr code,4,31,12.9%,4.16
sprite scanner online,4,30,13.33%,2.97
scan qode,4,27,14.81%,3.81
qr code snaccer,4,26,15.38%,6.46
alada scanner,4,25,16%,7.68
scaner open,4,20,20%,4.8
qr scanner on macbook,4,20,20%,5.3
@scan qr code to download: https://8bpz.xo.je/?i=1,4,15,26.67%,2.8
scanner app link,4,13,30.77%,3.62
scanner app open,4,12,33.33%,2.08
qr scanner on mac,4,11,36.36%,5.45
scan bracode,4,6,66.67%,7.33
scanapp org,4,4,100%,1
how to scan a qr code,3,417263,0%,9.88
qr code reader online,3,1160,0.26%,10.52
scan qr code android,3,1051,0.29%,9.89
qr sca,3,1029,0.29%,7.34
qr code scanner image,3,896,0.33%,8.26
how to scan qr code from picture,3,885,0.34%,8.67
qr c,3,733,0.41%,9.02
qr code search,3,636,0.47%,8.26
search qr code,3,636,0.47%,8.54
my scanner,3,571,0.53%,7.71
qr and barcode scanner app,3,483,0.62%,5.23
scanqr org,3,455,0.66%,3.71
barcode scanner free,3,451,0.67%,11.53
qr code app free,3,421,0.71%,4.29
i want to scan a qr code,3,395,0.76%,8.36
scanner qr code gratuit,3,386,0.78%,10.69
download barcode scanner,3,382,0.79%,8.38
barcode qr code scanner,3,338,0.89%,4.91
download qr code reader,3,323,0.93%,5.45
scan karne wala app,3,321,0.93%,4.18
how to scan qr in laptop,3,318,0.94%,8.57
barcode reader online,3,315,0.95%,18.17
scanner online camera,3,310,0.97%,8.13
scanning barcode,3,305,0.98%,10.01
scanqr.org site,3,295,1.02%,3.9
photo qr code scanner,3,294,1.02%,9.01
android qr scanner,3,289,1.04%,7.36
app to scan qr code,3,280,1.07%,4.23
barcode scanner for pc,3,275,1.09%,7.61
scan a qr code on computer,3,275,1.09%,8.89
how to scan a qr code in laptop,3,262,1.15%,8.67
scan qr code to download app,3,260,1.15%,6.46
online scanner app,3,259,1.16%,6.73
scan qr.org,3,254,1.18%,3.51
scaner online,3,254,1.18%,7.77
qr web,3,251,1.2%,8.98
check qr code,3,249,1.2%,9.81
qr code scanner free app,3,243,1.23%,4.92
qr code scanner for android,3,240,1.25%,4.81
qr code reader download,3,240,1.25%,6.35
barcode scanner online camera,3,236,1.27%,8.88
qr code scanner photo,3,235,1.28%,8.6
q code app,3,233,1.29%,4.8
free code scanner,3,230,1.3%,5.98
wscanner,3,230,1.3%,7.11
web scaner,3,230,1.3%,8.39
online qr code,3,225,1.33%,10.51
read qr code on computer,3,222,1.35%,8.33
scan qr code with laptop,3,221,1.36%,7.41
online qr code scanner free,3,219,1.37%,7.88
qr code download app,3,212,1.42%,5.99
qr code scanner application,3,209,1.44%,3.35
qr code photo scanner,3,203,1.48%,8.68
barcode scanner kostenlos,3,200,1.5%,10.62
cod scanner,3,198,1.52%,5.56
app qr scanner,3,195,1.54%,4.8
picture qr code scanner,3,185,1.62%,7.66
تنزيل الماسح الضوئي qr,3,183,1.64%,7.08
qr code pc,3,180,1.67%,7.73
escanear qr,3,176,1.7%,7.66
mobile qr code scanner,3,175,1.71%,6.37
all qr code scanner,3,171,1.75%,7.85
app download qr code,3,169,1.78%,12.63
scan code scanner,3,162,1.85%,5.17
skener qr koda,3,153,1.96%,8.19
scannen qr code,3,151,1.99%,10.02
scanner camera app,3,150,2%,7.55
scan link,3,150,2%,8.33
scan qt,3,149,2.01%,6.77
cod qr scan,3,147,2.04%,6.51
scanare qr code,3,147,2.04%,7.5
qr&barcode scanner,3,146,2.05%,5.21
open qr code on pc,3,141,2.13%,7.31
app scan barcode,3,140,2.14%,5.21
www sprite com scan,3,138,2.17%,6.81
code scanner qr,3,135,2.22%,6.53
free qr code reader app,3,133,2.26%,6.2
scanning qr code on laptop,3,129,2.33%,6.98
sq code scanner,3,128,2.34%,6.76
scan a qr code on laptop,3,128,2.34%,8.55
scanor,3,127,2.36%,5.75
scanning qr,3,126,2.38%,6.71
scaanner,3,124,2.42%,5.52
scaning app,3,124,2.42%,6.26
online code scanner,3,123,2.44%,9.37
scan qr on pc,3,122,2.46%,6.13
qr reader download,3,121,2.48%,5.82
scanner code app,3,116,2.59%,3.4
qr scannet,3,116,2.59%,7.46
google scanner,3,115,2.61%,16.62
क्यूआर कोड स्कैनर,3,112,2.68%,6.49
qrcodereader,3,111,2.7%,9.23
scan qr code photo,3,110,2.73%,9.24
qr code scannwr,3,106,2.83%,6.28
qrscaner,3,106,2.83%,7.54
scabner,3,105,2.86%,5
qr code scanner app free download,3,104,2.88%,6.06
q bar scanner,3,102,2.94%,5.21
google scanner online,3,102,2.94%,11.25
scan qr code with mac,3,101,2.97%,7.2
qr codescan,3,100,3%,5.9
qr.scanner,3,98,3.06%,7.57
scanner le qr code,3,98,3.06%,9.88
macbook qr code reader,3,94,3.19%,7.01
camscanner qr,3,93,3.23%,4.86
qr.code.scanner,3,93,3.23%,5.87
where can i scan qr code,3,93,3.23%,7.27
scann qr,3,92,3.26%,6.84
free qr scanner online,3,92,3.26%,8.68
qr code scanner online free google download,3,90,3.33%,3.76
photoism app,3,89,3.37%,8.6
qr code scamner,3,88,3.41%,6.72
qr code scanner for android phone,3,85,3.53%,5.15
scqnner,3,85,3.53%,5.22
scan barcode scanner,3,85,3.53%,6.99
scan qr on mac,3,84,3.57%,5.55
how to scan a qr code on a mac,3,83,3.61%,8.57
or barcode scanner,3,81,3.7%,4.4
qr code scanner.in,3,81,3.7%,5.22
scann qr code,3,81,3.7%,6.07
scan qr code from computer,3,81,3.7%,7.59
qr code scanner online free download,3,80,3.75%,4.51
www scan,3,80,3.75%,6.9
qr स्कैनर,3,80,3.75%,10.07
scan code app free,3,79,3.8%,4.56
scanner qr & barcode reader,3,77,3.9%,4.82
que ar scanner,3,77,3.9%,5.87
scan qr code.com,3,76,3.95%,4.8
qr code scanner from gallery,3,76,3.95%,7.22
scanner for shoes,3,72,4.17%,9.11
qr code scanner google,3,72,4.17%,19.07
scan qr code barcode,3,70,4.29%,3.4
qr acanner,3,69,4.35%,7.78
scan gr,3,68,4.41%,6.25
macbook qr code scanner,3,67,4.48%,5.43
cr code scanner,3,67,4.48%,5.99
qr code skanner,3,67,4.48%,6.6
scanners app,3,67,4.48%,7.52
mobile qr scanner,3,64,4.69%,5.31
appqrcode,3,64,4.69%,6.3
qr scan download,3,62,4.84%,5.31
scan qr laptop,3,62,4.84%,5.45
scanaer,3,60,5%,4.57
qr cofe scanner,3,59,5.08%,6
qr code. scanner,3,58,5.17%,5.24
scan pr,3,58,5.17%,5.83
scanne4,3,57,5.26%,3.37
scan qr code phone,3,56,5.36%,5.82
scanne qr,3,55,5.45%,7.22
scanner app free online,3,55,5.45%,7.33
qr kod scan,3,54,5.56%,4.74
scaner web,3,54,5.56%,8.06
qe code scan,3,53,5.66%,5.34
dcaner,3,52,5.77%,5.67
scan qr kod,3,49,6.12%,5.2
scan page qr code,3,49,6.12%,8.86
sacan qr code,3,47,6.38%,6.13
real scanner app,3,46,6.52%,3.72
sc barcode,3,46,6.52%,7.43
skan code,3,45,6.67%,4.13
at scanner,3,44,6.82%,5.32
qr code scanner kostenlos am pc,3,43,6.98%,4.28
scan qr code using laptop,3,43,6.98%,5.53
scanne me,3,43,6.98%,7.35
qr code scanner scanner,3,42,7.14%,6.52
scanner & qr,3,41,7.32%,4.88
scsn qr code,3,40,7.5%,6.5
document qr scanner,3,39,7.69%,5.59
windows qr scanner,3,39,7.69%,6.38
scaqr,3,38,7.89%,2.32
scenar app,3,38,7.89%,2.95
qr. ode scanner,3,38,7.89%,5.53
free qr code scanner download,3,37,8.11%,5.78
camera code scanner,3,36,8.33%,3.58
qr code scanner barcode reader,3,36,8.33%,4.31
shoes qr code scanner online,3,36,8.33%,5.53
scaner cod,3,36,8.33%,5.97
codescaner,3,34,8.82%,3.12
camera scan qr,3,34,8.82%,3.76
qr code scanner for pc download,3,34,8.82%,4.76
secnner,3,34,8.82%,5.21
qr scanner camera online,3,34,8.82%,5.26
snap code scanner,3,33,9.09%,3.03
‏scan,3,33,9.09%,4.12
camscanner.com qr,3,33,9.09%,5.27
document qr code scanner,3,33,9.09%,5.33
html qrcode,3,32,9.38%,4.78
q.cscan.co,3,31,9.68%,2.81
or code scanner app,3,31,9.68%,3.74
qr code sacanner,3,31,9.68%,5.48
scqner,3,31,9.68%,5.74
qr scanner gallery,3,30,10%,4.77
qrscancode.in,3,29,10.34%,2.17
"qrcode: processing barcode library - diewald_barcode 
http://thomasdiewald.com/blog/",3,29,10.34%,2.31
qr code scanner with camera,3,29,10.34%,2.86
scannre,3,29,10.34%,4.03
qr reader for mac,3,29,10.34%,4.9
gratis barcode scanner,3,29,10.34%,7.66
scan qr code using camera,3,28,10.71%,4.21
qr coad scaner,3,28,10.71%,6.71
bill qr scanner online,3,27,11.11%,1
give me scanner to scan,3,27,11.11%,2.67
qr scanner and barcode,3,27,11.11%,3.63
qr coee scanner,3,27,11.11%,6.3
qr code reader for macbook,3,26,11.54%,3.65
photoism qr code scanner online,3,25,12%,2.28
qr扫描,3,25,12%,4.92
scan qr code on laptop camera,3,25,12%,5.24
qr scanner offline,3,24,12.5%,4.17
qr scan macbook,3,24,12.5%,5.25
camscanner qr code scanner,3,24,12.5%,6.08
বারকোড স্ক্যানার,3,24,12.5%,9.79
qrcode scane,3,23,13.04%,5.87